unique_id,role,type,primary_name,regime,date_designated,class,definite_runs,possible_runs,neighbour_runs,empty_runs,error_runs,n_runs,uk_match,issuers_matched,matched_code,matched_title,identity_kind,issuer,valid_from,valid_to,valid_from_matches_designation,envelope_filename,envelope_valid_from
CHW0036,addition,Entity,The State Research Institute of Military Medicine (GNIII VM),The Chemical Weapons (Sanctions) (EU Exit) Regulations 2019,06/07/2026,STABLE_DEFINITE,5,0,0,0,0,5,yes,UK,1179400,The State Research Institute of Military Medicine (GNIII VM),exact,UK,2026-07-06,2099-12-31,yes,reg-uk-the-chemical-weapons-sanctions-eu-exit-regulations-2019.json,2026-07-06
CHW0037,addition,Individual,Artur Aleksandrovich Zhirov,The Chemical Weapons (Sanctions) (EU Exit) Regulations 2019,06/07/2026,STABLE_DEFINITE,5,0,0,0,0,5,yes,EU|UK,1179401,Artur Aleksandrovich Zhirov,exact,UK,2026-07-06,2099-12-31,yes,reg-uk-the-chemical-weapons-sanctions-eu-exit-regulations-2019.json,2026-07-06
CHW0038,addition,Individual,Vladimir Borisovich Kondratyev,The Chemical Weapons (Sanctions) (EU Exit) Regulations 2019,06/07/2026,STABLE_DEFINITE,5,0,0,0,0,5,yes,UK,1179402,Vladimir Borisovich Kondratyev,exact,UK,2026-07-06,2099-12-31,yes,reg-uk-the-chemical-weapons-sanctions-eu-exit-regulations-2019.json,2026-07-06
CHW0039,addition,Individual,Sergei Viktorovich Chepur,The Chemical Weapons (Sanctions) (EU Exit) Regulations 2019,06/07/2026,STABLE_DEFINITE,5,0,0,0,0,5,yes,UK,1179403,Sergei Viktorovich Chepur,exact,UK,2026-07-06,2099-12-31,yes,reg-uk-the-chemical-weapons-sanctions-eu-exit-regulations-2019.json,2026-07-06
CHW0040,addition,Individual,Andrei Mikhailovich Antokhin,The Chemical Weapons (Sanctions) (EU Exit) Regulations 2019,06/07/2026,STABLE_DEFINITE,5,0,0,0,0,5,yes,UK,1179404,Andrei Mikhailovich Antokhin,exact,UK,2026-07-06,2099-12-31,yes,reg-uk-the-chemical-weapons-sanctions-eu-exit-regulations-2019.json,2026-07-06
CHW0041,addition,Individual,Viktor Fedorovic Taranchenko,The Chemical Weapons (Sanctions) (EU Exit) Regulations 2019,06/07/2026,STABLE_DEFINITE,5,0,0,0,0,5,yes,UK,1179405,Viktor Fedorovic Taranchenko,exact,UK,2026-07-06,2099-12-31,yes,reg-uk-the-chemical-weapons-sanctions-eu-exit-regulations-2019.json,2026-07-06
CHW0042,addition,Individual,Ivan Sergeyevich Kravtsov,The Chemical Weapons (Sanctions) (EU Exit) Regulations 2019,06/07/2026,STABLE_DEFINITE,5,0,0,0,0,5,yes,UK,1179406,Ivan Sergeyevich Kravtsov,exact,UK,2026-07-06,2099-12-31,yes,reg-uk-the-chemical-weapons-sanctions-eu-exit-regulations-2019.json,2026-07-06
CHW0043,addition,Individual,Aleksandr Aleksandrovich Makhlay,The Chemical Weapons (Sanctions) (EU Exit) Regulations 2019,06/07/2026,STABLE_DEFINITE,5,0,0,0,0,5,yes,UK,1179407,Aleksandr Aleksandrovich Makhlay,exact,UK,2026-07-06,2099-12-31,yes,reg-uk-the-chemical-weapons-sanctions-eu-exit-regulations-2019.json,2026-07-06
CHW0044,addition,Entity,SC Signal,The Chemical Weapons (Sanctions) (EU Exit) Regulations 2019,06/07/2026,STABLE_DEFINITE,5,0,0,0,0,5,yes,UK,1179408,SC Signal,exact,UK,2026-07-06,2099-12-31,yes,reg-uk-the-chemical-weapons-sanctions-eu-exit-regulations-2019.json,2026-07-06
GHR0191,addition,Individual,Itamar Yehuda Levy,The Global Human Rights Sanctions Regulations 2020,09/06/2026,STABLE_DEFINITE,5,0,0,0,0,5,yes,UK,1180144,Itamar Yehuda Levy,exact,UK,2026-06-09,2099-12-31,yes,reg-uk-the-global-human-rights-sanctions-regulations-2020.json,2026-07-06
GHR0192,addition,Entity,EYAL HARI YEHUDA COMPANY LTD,The Global Human Rights Sanctions Regulations 2020,09/06/2026,STABLE_DEFINITE,5,0,0,0,0,5,yes,UK,1180145,EYAL HARI YEHUDA COMPANY LTD,exact,UK,2026-06-09,2099-12-31,yes,reg-uk-the-global-human-rights-sanctions-regulations-2020.json,2026-07-06
GHR0193,addition,Entity,Ahavat Gilad,The Global Human Rights Sanctions Regulations 2020,09/06/2026,STABLE_DEFINITE,5,0,0,0,0,5,yes,UK,1180146,Ahavat Gilad,exact,UK,2026-06-09,2099-12-31,yes,reg-uk-the-global-human-rights-sanctions-regulations-2020.json,2026-07-06
GHR0194,addition,Entity,ARI YSHAG,The Global Human Rights Sanctions Regulations 2020,09/06/2026,STABLE_DEFINITE,5,0,0,0,0,5,yes,UK,1180147,ARI YSHAG,exact,UK,2026-06-09,2099-12-31,yes,reg-uk-the-global-human-rights-sanctions-regulations-2020.json,2026-07-06
GHR0195,addition,Entity,ARTZENU,The Global Human Rights Sanctions Regulations 2020,09/06/2026,STABLE_DEFINITE,5,0,0,0,0,5,yes,UK,1180148,ARTZENU,exact,UK,2026-06-09,2099-12-31,yes,reg-uk-the-global-human-rights-sanctions-regulations-2020.json,2026-07-06
GHR0196,addition,Entity,Shivat Zion Lerigvey Admata,The Global Human Rights Sanctions Regulations 2020,09/06/2026,STABLE_DEFINITE,5,0,0,0,0,5,yes,UK,1180149,Shivat Zion Lerigvey Admata,exact,UK,2026-06-09,2099-12-31,yes,reg-uk-the-global-human-rights-sanctions-regulations-2020.json,2026-07-06
GHR0197,addition,Entity,THE FARMS ASSOCIATION,The Global Human Rights Sanctions Regulations 2020,09/06/2026,STABLE_DEFINITE,5,0,0,0,0,5,yes,UK,1180150,THE FARMS ASSOCIATION,exact,UK,2026-06-09,2099-12-31,yes,reg-uk-the-global-human-rights-sanctions-regulations-2020.json,2026-07-06
RUS3620,addition,Entity,"JOINT-STOCK COMMERCIAL BANK ""EVROFINANCE MOSNARBANK"" (JOINT-STOCK COMPANY)",The Russia (Sanctions) (EU Exit) Regulations 2019,16/06/2026,STABLE_DEFINITE,5,0,0,0,0,5,yes,UK,1184575,"JOINT-STOCK COMMERCIAL BANK ""EVROFINANCE MOSNARBANK"" (JOINT-STOCK COMPANY)",exact,UK,2026-06-16,2099-12-31,yes,reg-uk-the-russia-sanctions-eu-exit-regulations-2019.json,2026-07-06
RUS3621,addition,Entity,"JOINT STOCK COMPANY ""YANDEX BANK""",The Russia (Sanctions) (EU Exit) Regulations 2019,16/06/2026,STABLE_DEFINITE,5,0,0,0,0,5,yes,UK,1184576,"JOINT STOCK COMPANY ""YANDEX BANK""",exact,UK,2026-06-16,2099-12-31,yes,reg-uk-the-russia-sanctions-eu-exit-regulations-2019.json,2026-07-06
RUS3622,addition,Entity,"LIMITED LIABILITY COMPANY ""WILDBERRIES BANK""",The Russia (Sanctions) (EU Exit) Regulations 2019,16/06/2026,STABLE_DEFINITE,5,0,0,0,0,5,yes,EU|UK,1184577,"LIMITED LIABILITY COMPANY ""WILDBERRIES BANK""",exact,UK,2026-06-16,2099-12-31,yes,reg-uk-the-russia-sanctions-eu-exit-regulations-2019.json,2026-07-06
RUS3623,addition,Entity,"JOINT-STOCK COMPANY COMMERCIAL BANK ""VYATICH""",The Russia (Sanctions) (EU Exit) Regulations 2019,16/06/2026,STABLE_DEFINITE,5,0,0,0,0,5,yes,UK,1184578,"JOINT-STOCK COMPANY COMMERCIAL BANK ""VYATICH""",exact,UK,2026-06-16,2099-12-31,yes,reg-uk-the-russia-sanctions-eu-exit-regulations-2019.json,2026-07-06
RUS3624,addition,Entity,LLC SCIENTIFIC AND PRODUCTION ENTERPRISE SPETSENERGOMEKHANIKA,The Russia (Sanctions) (EU Exit) Regulations 2019,16/06/2026,STABLE_DEFINITE,5,0,0,0,0,5,yes,UK,1184579,LLC SCIENTIFIC AND PRODUCTION ENTERPRISE SPETSENERGOMEKHANIKA,exact,UK,2026-06-16,2099-12-31,yes,reg-uk-the-russia-sanctions-eu-exit-regulations-2019.json,2026-07-06
RUS3625,addition,Entity,JSC RUSHOL,The Russia (Sanctions) (EU Exit) Regulations 2019,16/06/2026,STABLE_DEFINITE,5,0,0,0,0,5,yes,UK,1184580,JSC RUSHOL,exact,UK,2026-06-16,2099-12-31,yes,reg-uk-the-russia-sanctions-eu-exit-regulations-2019.json,2026-07-06
RUS3626,addition,Entity,LLC TECHNOPARITET,The Russia (Sanctions) (EU Exit) Regulations 2019,16/06/2026,STABLE_DEFINITE,5,0,0,0,0,5,yes,UK,1184581,LLC TECHNOPARITET,exact,UK,2026-06-16,2099-12-31,yes,reg-uk-the-russia-sanctions-eu-exit-regulations-2019.json,2026-07-06
RUS3627,addition,Entity,LLC NEPTUNE CO LTD,The Russia (Sanctions) (EU Exit) Regulations 2019,16/06/2026,STABLE_DEFINITE,5,0,0,0,0,5,yes,UK,1184582,LLC NEPTUNE CO LTD,exact,UK,2026-06-16,2099-12-31,yes,reg-uk-the-russia-sanctions-eu-exit-regulations-2019.json,2026-07-06
RUS3628,addition,Entity,LLC MAGNUS LINK,The Russia (Sanctions) (EU Exit) Regulations 2019,16/06/2026,STABLE_DEFINITE,5,0,0,0,0,5,yes,UK,1184583,LLC MAGNUS LINK,exact,UK,2026-06-16,2099-12-31,yes,reg-uk-the-russia-sanctions-eu-exit-regulations-2019.json,2026-07-06
RUS3629,addition,Entity,JSC INTERCONSUL,The Russia (Sanctions) (EU Exit) Regulations 2019,16/06/2026,STABLE_DEFINITE,5,0,0,0,0,5,yes,UK,1184584,JSC INTERCONSUL,exact,UK,2026-06-16,2099-12-31,yes,reg-uk-the-russia-sanctions-eu-exit-regulations-2019.json,2026-07-06
RUS3630,addition,Entity,SHTRAL TECHNOLOGY CO LTD,The Russia (Sanctions) (EU Exit) Regulations 2019,16/06/2026,STABLE_DEFINITE,5,0,0,0,0,5,yes,UK,1184585,SHTRAL TECHNOLOGY CO LTD,exact,UK,2026-06-16,2099-12-31,yes,reg-uk-the-russia-sanctions-eu-exit-regulations-2019.json,2026-07-06
RUS3631,addition,Entity,SHTRAL MAKINE ITHALAT IHRACAT SANAYI VE TICARET LIMITED,The Russia (Sanctions) (EU Exit) Regulations 2019,16/06/2026,STABLE_DEFINITE,5,0,0,0,0,5,yes,UK,1184586,SHTRAL MAKINE ITHALAT IHRACAT SANAYI VE TICARET LIMITED,exact,UK,2026-06-16,2099-12-31,yes,reg-uk-the-russia-sanctions-eu-exit-regulations-2019.json,2026-07-06
RUS3632,addition,Entity,IC-ORIENTIR,The Russia (Sanctions) (EU Exit) Regulations 2019,16/06/2026,STABLE_DEFINITE,5,0,0,0,0,5,yes,UK,1184587,IC-ORIENTIR,exact,UK,2026-06-16,2099-12-31,yes,reg-uk-the-russia-sanctions-eu-exit-regulations-2019.json,2026-07-06
RUS3633,addition,Entity,LLC TPK PEGAS,The Russia (Sanctions) (EU Exit) Regulations 2019,16/06/2026,STABLE_DEFINITE,5,0,0,0,0,5,yes,UK,1184588,LLC TPK PEGAS,exact,UK,2026-06-16,2099-12-31,yes,reg-uk-the-russia-sanctions-eu-exit-regulations-2019.json,2026-07-06
RUS3634,addition,Entity,SHENZHEN HUAXIN ANTENNA TECHNOLOGY CO LTD,The Russia (Sanctions) (EU Exit) Regulations 2019,16/06/2026,STABLE_DEFINITE,5,0,0,0,0,5,yes,UK,1184589,SHENZHEN HUAXIN ANTENNA TECHNOLOGY CO LTD,exact,UK,2026-06-16,2099-12-31,yes,reg-uk-the-russia-sanctions-eu-exit-regulations-2019.json,2026-07-06
RUS3635,addition,Entity,COMNAV TECHNOLOGY LTD,The Russia (Sanctions) (EU Exit) Regulations 2019,16/06/2026,STABLE_DEFINITE,5,0,0,0,0,5,yes,UK,1184590,COMNAV TECHNOLOGY LTD,exact,UK,2026-06-16,2099-12-31,yes,reg-uk-the-russia-sanctions-eu-exit-regulations-2019.json,2026-07-06
RUS3636,addition,Entity,JOINT STOCK COMPANY MARINE BRIDGE AND NAVIGATION SYSTEMS,The Russia (Sanctions) (EU Exit) Regulations 2019,16/06/2026,STABLE_DEFINITE,5,0,0,0,0,5,yes,UK,1184591,JOINT STOCK COMPANY MARINE BRIDGE AND NAVIGATION SYSTEMS,exact,UK,2026-06-16,2099-12-31,yes,reg-uk-the-russia-sanctions-eu-exit-regulations-2019.json,2026-07-06
RUS3637,addition,Entity,"P.K.T. MUNGMEE CO., LTD",The Russia (Sanctions) (EU Exit) Regulations 2019,16/06/2026,STABLE_DEFINITE,5,0,0,0,0,5,yes,UK,1184592,"P.K.T. MUNGMEE CO., LTD",exact,UK,2026-06-16,2099-12-31,yes,reg-uk-the-russia-sanctions-eu-exit-regulations-2019.json,2026-07-06
RUS3638,addition,Entity,LIMITED LIABILITY COMPANY TEKHNOPOL,The Russia (Sanctions) (EU Exit) Regulations 2019,16/06/2026,STABLE_DEFINITE,5,0,0,0,0,5,yes,UK,1184593,LIMITED LIABILITY COMPANY TEKHNOPOL,exact,UK,2026-06-16,2099-12-31,yes,reg-uk-the-russia-sanctions-eu-exit-regulations-2019.json,2026-07-06
RUS3639,addition,Individual,Alexander Petrovich VORONKOV,The Russia (Sanctions) (EU Exit) Regulations 2019,16/06/2026,STABLE_DEFINITE,5,0,0,0,0,5,yes,UK,1184594,Alexander Petrovich VORONKOV,exact,UK,2026-06-16,2099-12-31,yes,reg-uk-the-russia-sanctions-eu-exit-regulations-2019.json,2026-07-06
RUS3640,addition,Entity,"THAI TRADE ASSOCIATION CO., LTD",The Russia (Sanctions) (EU Exit) Regulations 2019,16/06/2026,STABLE_DEFINITE,5,0,0,0,0,5,yes,UK,1184595,"THAI TRADE ASSOCIATION CO., LTD",exact,UK,2026-06-16,2099-12-31,yes,reg-uk-the-russia-sanctions-eu-exit-regulations-2019.json,2026-07-06
RUS3641,addition,Entity,"AEROGLOBAL CO., LTD.",The Russia (Sanctions) (EU Exit) Regulations 2019,16/06/2026,STABLE_DEFINITE,5,0,0,0,0,5,yes,UK,1184596,"AEROGLOBAL CO., LTD.",exact,UK,2026-06-16,2099-12-31,yes,reg-uk-the-russia-sanctions-eu-exit-regulations-2019.json,2026-07-06
RUS3642,addition,Entity,BRUKIDA LIMITED,The Russia (Sanctions) (EU Exit) Regulations 2019,16/06/2026,STABLE_DEFINITE,5,0,0,0,0,5,yes,UK,1184597,BRUKIDA LIMITED,exact,UK,2026-06-16,2099-12-31,yes,reg-uk-the-russia-sanctions-eu-exit-regulations-2019.json,2026-07-06
RUS3643,addition,Entity,LLC SMITH,The Russia (Sanctions) (EU Exit) Regulations 2019,16/06/2026,STABLE_DEFINITE,5,0,0,0,0,5,yes,UK,1184598,LLC SMITH,exact,UK,2026-06-16,2099-12-31,yes,reg-uk-the-russia-sanctions-eu-exit-regulations-2019.json,2026-07-06
RUS3644,addition,Entity,OOO DILMAS,The Russia (Sanctions) (EU Exit) Regulations 2019,16/06/2026,STABLE_DEFINITE,5,0,0,0,0,5,yes,UK,1184599,OOO DILMAS,exact,UK,2026-06-16,2099-12-31,yes,reg-uk-the-russia-sanctions-eu-exit-regulations-2019.json,2026-07-06
RUS3645,addition,Entity,KOMPOZIT 21 LLC,The Russia (Sanctions) (EU Exit) Regulations 2019,16/06/2026,STABLE_DEFINITE,5,0,0,0,0,5,yes,UK,1184600,KOMPOZIT 21 LLC,exact,UK,2026-06-16,2099-12-31,yes,reg-uk-the-russia-sanctions-eu-exit-regulations-2019.json,2026-07-06
RUS3646,addition,Entity,OOO KORD-BUNKER,The Russia (Sanctions) (EU Exit) Regulations 2019,16/06/2026,STABLE_DEFINITE,5,0,0,0,0,5,yes,UK,1184601,OOO KORD-BUNKER,exact,UK,2026-06-16,2099-12-31,yes,reg-uk-the-russia-sanctions-eu-exit-regulations-2019.json,2026-07-06
RUS3647,addition,Entity,JOINT DEVELOPMENT BANK,The Russia (Sanctions) (EU Exit) Regulations 2019,16/06/2026,STABLE_DEFINITE,5,0,0,0,0,5,yes,UK,1184602,JOINT DEVELOPMENT BANK,exact,UK,2026-06-16,2099-12-31,yes,reg-uk-the-russia-sanctions-eu-exit-regulations-2019.json,2026-07-06
RUS3648,addition,Entity,"""A71"" LIMITED LIABILITY COMPANY",The Russia (Sanctions) (EU Exit) Regulations 2019,16/06/2026,STABLE_DEFINITE,5,0,0,0,0,5,yes,UK|US,1184603,"""A71"" LIMITED LIABILITY COMPANY",exact,UK,2026-06-16,2099-12-31,yes,reg-uk-the-russia-sanctions-eu-exit-regulations-2019.json,2026-07-06
RUS3649,addition,Individual,Ruslan Petrovich KOSHKIN,The Russia (Sanctions) (EU Exit) Regulations 2019,16/06/2026,STABLE_DEFINITE,5,0,0,0,0,5,yes,UK,1184604,Ruslan Petrovich KOSHKIN,exact,UK,2026-06-16,2099-12-31,yes,reg-uk-the-russia-sanctions-eu-exit-regulations-2019.json,2026-07-06
RUS3650,addition,Individual,Aleksandr Filippovich VOTCHENKO,The Russia (Sanctions) (EU Exit) Regulations 2019,16/06/2026,STABLE_DEFINITE,5,0,0,0,0,5,yes,UK,1184605,Aleksandr Filippovich VOTCHENKO,exact,UK,2026-06-16,2099-12-31,yes,reg-uk-the-russia-sanctions-eu-exit-regulations-2019.json,2026-07-06
RUS3651,addition,Individual,Nikolay Nikolayevich SAZHIN,The Russia (Sanctions) (EU Exit) Regulations 2019,16/06/2026,STABLE_DEFINITE,5,0,0,0,0,5,yes,UK,1184606,Nikolay Nikolayevich SAZHIN,exact,UK,2026-06-16,2099-12-31,yes,reg-uk-the-russia-sanctions-eu-exit-regulations-2019.json,2026-07-06
RUS3652,addition,Individual,Sergey Nikolayevich MAZURIK,The Russia (Sanctions) (EU Exit) Regulations 2019,16/06/2026,STABLE_DEFINITE,5,0,0,0,0,5,yes,UK,1184607,Sergey Nikolayevich MAZURIK,exact,UK,2026-06-16,2099-12-31,yes,reg-uk-the-russia-sanctions-eu-exit-regulations-2019.json,2026-07-06
RUS3653,addition,Individual,Aleksandr Vasilyevich MATROSOV,The Russia (Sanctions) (EU Exit) Regulations 2019,16/06/2026,STABLE_DEFINITE,5,0,0,0,0,5,yes,UK,1184608,Aleksandr Vasilyevich MATROSOV,exact,UK,2026-06-16,2099-12-31,yes,reg-uk-the-russia-sanctions-eu-exit-regulations-2019.json,2026-07-06
RUS3654,addition,Individual,Roman Viktorovich GAIVORONSKIY,The Russia (Sanctions) (EU Exit) Regulations 2019,16/06/2026,STABLE_DEFINITE,5,0,0,0,0,5,yes,UK,1184609,Roman Viktorovich GAIVORONSKIY,exact,UK,2026-06-16,2099-12-31,yes,reg-uk-the-russia-sanctions-eu-exit-regulations-2019.json,2026-07-06
RUS3655,addition,Individual,Dmitriy Yegorovich ZUBKOV,The Russia (Sanctions) (EU Exit) Regulations 2019,16/06/2026,STABLE_DEFINITE,5,0,0,0,0,5,yes,UK,1184610,Dmitriy Yegorovich ZUBKOV,exact,UK,2026-06-16,2099-12-31,yes,reg-uk-the-russia-sanctions-eu-exit-regulations-2019.json,2026-07-06
RUS3656,addition,Individual,Stanislav Sergeyevich POPOV,The Russia (Sanctions) (EU Exit) Regulations 2019,16/06/2026,STABLE_DEFINITE,5,0,0,0,0,5,yes,UK,1184611,Stanislav Sergeyevich POPOV,exact,UK,2026-06-16,2099-12-31,yes,reg-uk-the-russia-sanctions-eu-exit-regulations-2019.json,2026-07-06
RUS3657,addition,Individual,Konstantin Aleksandrovich STRAFILOV,The Russia (Sanctions) (EU Exit) Regulations 2019,16/06/2026,STABLE_DEFINITE,5,0,0,0,0,5,yes,UK,1184612,Konstantin Aleksandrovich STRAFILOV,exact,UK,2026-06-16,2099-12-31,yes,reg-uk-the-russia-sanctions-eu-exit-regulations-2019.json,2026-07-06
RUS3658,addition,Individual,Maksim Yuryevich MAMONTOV,The Russia (Sanctions) (EU Exit) Regulations 2019,16/06/2026,STABLE_DEFINITE,5,0,0,0,0,5,yes,UK,1184613,Maksim Yuryevich MAMONTOV,exact,UK,2026-06-16,2099-12-31,yes,reg-uk-the-russia-sanctions-eu-exit-regulations-2019.json,2026-07-06
RUS3659,addition,Entity,"""A7-AGENT"" LIMITED LIABILITY COMPANY",The Russia (Sanctions) (EU Exit) Regulations 2019,16/06/2026,STABLE_DEFINITE,5,0,0,0,0,5,yes,UK|US,1184614,"""A7-AGENT"" LIMITED LIABILITY COMPANY",exact,UK,2026-06-16,2099-12-31,yes,reg-uk-the-russia-sanctions-eu-exit-regulations-2019.json,2026-07-06
RUS3660,addition,Entity,PILOT FINANCE LIMITED,The Russia (Sanctions) (EU Exit) Regulations 2019,16/06/2026,STABLE_DEFINITE,5,0,0,0,0,5,yes,UK,1184615,PILOT FINANCE LIMITED,exact,UK,2026-06-16,2099-12-31,yes,reg-uk-the-russia-sanctions-eu-exit-regulations-2019.json,2026-07-06
RUS3688,addition,Entity,JSC BALANCE INSURANCE,The Russia (Sanctions) (EU Exit) Regulations 2019,16/06/2026,STABLE_DEFINITE,5,0,0,0,0,5,yes,UK,1184643,JSC BALANCE INSURANCE,exact,UK,2026-06-16,2099-12-31,yes,reg-uk-the-russia-sanctions-eu-exit-regulations-2019.json,2026-07-06
RUS3689,addition,Entity,JSC ROSGOSSTRAKH,The Russia (Sanctions) (EU Exit) Regulations 2019,16/06/2026,STABLE_DEFINITE,5,0,0,0,0,5,yes,UK,1184644,JSC ROSGOSSTRAKH,exact,UK,2026-06-16,2099-12-31,yes,reg-uk-the-russia-sanctions-eu-exit-regulations-2019.json,2026-07-06
RUS3661,ship_addition,Ship,"IMO 9296377 (""MARJORIE"")",The Russia (Sanctions) (EU Exit) Regulations 2019,16/06/2026,STABLE_DEFINITE,5,0,0,0,0,5,yes,UK,1184616,"IMO 9296377 (""MARJORIE"")",exact,UK,2026-06-16,2099-12-31,yes,reg-uk-the-russia-sanctions-eu-exit-regulations-2019.json,2026-07-06
RUS3662,ship_addition,Ship,"IMO 9305556 (""MARVEN"")",The Russia (Sanctions) (EU Exit) Regulations 2019,16/06/2026,STABLE_DEFINITE,5,0,0,0,0,5,yes,UK,1184617,"IMO 9305556 (""MARVEN"")",exact,UK,2026-06-16,2099-12-31,yes,reg-uk-the-russia-sanctions-eu-exit-regulations-2019.json,2026-07-06
RUS3663,ship_addition,Ship,"IMO 9390587 (""ONEIROI"")",The Russia (Sanctions) (EU Exit) Regulations 2019,16/06/2026,STABLE_DEFINITE,5,0,0,0,0,5,yes,UK,1184618,"IMO 9390587 (""ONEIROI"")",exact,UK,2026-06-16,2099-12-31,yes,reg-uk-the-russia-sanctions-eu-exit-regulations-2019.json,2026-07-06
RUS3664,ship_addition,Ship,"IMO 9333785 (""SEADAR"")",The Russia (Sanctions) (EU Exit) Regulations 2019,16/06/2026,STABLE_DEFINITE,5,0,0,0,0,5,yes,UK,1184619,"IMO 9333785 (""SEADAR"")",exact,UK,2026-06-16,2099-12-31,yes,reg-uk-the-russia-sanctions-eu-exit-regulations-2019.json,2026-07-06
RUS3665,ship_addition,Ship,"IMO 9291262 (""SILVAR"")",The Russia (Sanctions) (EU Exit) Regulations 2019,16/06/2026,STABLE_DEFINITE,5,0,0,0,0,5,yes,UK,1184620,"IMO 9291262 (""SILVAR"")",exact,UK,2026-06-16,2099-12-31,yes,reg-uk-the-russia-sanctions-eu-exit-regulations-2019.json,2026-07-06
RUS3666,ship_addition,Ship,"IMO 9290397 (""STORMBRINGER"")",The Russia (Sanctions) (EU Exit) Regulations 2019,16/06/2026,STABLE_DEFINITE,5,0,0,0,0,5,yes,UK,1184621,"IMO 9290397 (""STORMBRINGER"")",exact,UK,2026-06-16,2099-12-31,yes,reg-uk-the-russia-sanctions-eu-exit-regulations-2019.json,2026-07-06
RUS3667,ship_addition,Ship,"IMO 9417464 (""TANI"")",The Russia (Sanctions) (EU Exit) Regulations 2019,16/06/2026,STABLE_DEFINITE,5,0,0,0,0,5,yes,UK,1184622,"IMO 9417464 (""TANI"")",exact,UK,2026-06-16,2099-12-31,yes,reg-uk-the-russia-sanctions-eu-exit-regulations-2019.json,2026-07-06
RUS3668,ship_addition,Ship,"IMO 9298492 (""TOA PAYOH"")",The Russia (Sanctions) (EU Exit) Regulations 2019,16/06/2026,STABLE_DEFINITE,5,0,0,0,0,5,yes,UK,1184623,"IMO 9298492 (""TOA PAYOH"")",exact,UK,2026-06-16,2099-12-31,yes,reg-uk-the-russia-sanctions-eu-exit-regulations-2019.json,2026-07-06
RUS3669,ship_addition,Ship,"IMO 9290385 (""ELBUS"")",The Russia (Sanctions) (EU Exit) Regulations 2019,16/06/2026,STABLE_DEFINITE,5,0,0,0,0,5,yes,UK,1184624,"IMO 9290385 (""ELBUS"")",exact,UK,2026-06-16,2099-12-31,yes,reg-uk-the-russia-sanctions-eu-exit-regulations-2019.json,2026-07-06
RUS3670,ship_addition,Ship,"IMO 9270555 (""INTEGRITY RACER"")",The Russia (Sanctions) (EU Exit) Regulations 2019,16/06/2026,STABLE_DEFINITE,5,0,0,0,0,5,yes,UK,1184625,"IMO 9270555 (""INTEGRITY RACER"")",exact,UK,2026-06-16,2099-12-31,yes,reg-uk-the-russia-sanctions-eu-exit-regulations-2019.json,2026-07-06
RUS3671,ship_addition,Ship,"IMO 9380570 (""KURDOS III"")",The Russia (Sanctions) (EU Exit) Regulations 2019,16/06/2026,STABLE_DEFINITE,5,0,0,0,0,5,yes,UK,1184626,"IMO 9380570 (""KURDOS III"")",exact,UK,2026-06-16,2099-12-31,yes,reg-uk-the-russia-sanctions-eu-exit-regulations-2019.json,2026-07-06
RUS3672,ship_addition,Ship,"IMO 9249128 (""SAKHALIN"")",The Russia (Sanctions) (EU Exit) Regulations 2019,16/06/2026,STABLE_DEFINITE,5,0,0,0,0,5,yes,UK,1184627,"IMO 9249128 (""SAKHALIN"")",exact,UK,2026-06-16,2099-12-31,yes,reg-uk-the-russia-sanctions-eu-exit-regulations-2019.json,2026-07-06
RUS3673,ship_addition,Ship,"IMO 9408542 (""LING HONG"")",The Russia (Sanctions) (EU Exit) Regulations 2019,16/06/2026,STABLE_DEFINITE,5,0,0,0,0,5,yes,UK,1184628,"IMO 9408542 (""LING HONG"")",exact,UK,2026-06-16,2099-12-31,yes,reg-uk-the-russia-sanctions-eu-exit-regulations-2019.json,2026-07-06
RUS3674,ship_addition,Ship,"IMO 9294264 (""ORION"")",The Russia (Sanctions) (EU Exit) Regulations 2019,16/06/2026,STABLE_DEFINITE,5,0,0,0,0,5,yes,UK,1184629,"IMO 9294264 (""ORION"")",exact,UK,2026-06-16,2099-12-31,yes,reg-uk-the-russia-sanctions-eu-exit-regulations-2019.json,2026-07-06
RUS3675,ship_addition,Ship,"IMO 9326689 (""MERKURIY"")",The Russia (Sanctions) (EU Exit) Regulations 2019,16/06/2026,STABLE_DEFINITE,5,0,0,0,0,5,yes,UK,1184630,"IMO 9326689 (""MERKURIY"")",exact,UK,2026-06-16,2099-12-31,yes,reg-uk-the-russia-sanctions-eu-exit-regulations-2019.json,2026-07-06
RUS3676,ship_addition,Ship,"IMO 9300817 (""KOSMOS"")",The Russia (Sanctions) (EU Exit) Regulations 2019,16/06/2026,STABLE_DEFINITE,5,0,0,0,0,5,yes,UK,1184631,"IMO 9300817 (""KOSMOS"")",exact,UK,2026-06-16,2099-12-31,yes,reg-uk-the-russia-sanctions-eu-exit-regulations-2019.json,2026-07-06
RUS3677,ship_addition,Ship,"IMO 9317315 (""LUCH"")",The Russia (Sanctions) (EU Exit) Regulations 2019,16/06/2026,STABLE_DEFINITE,5,0,0,0,0,5,yes,UK,1184632,"IMO 9317315 (""LUCH"")",exact,UK,2026-06-16,2099-12-31,yes,reg-uk-the-russia-sanctions-eu-exit-regulations-2019.json,2026-07-06
RUS3678,ship_addition,Ship,"IMO 9328170 (""AETHER"")",The Russia (Sanctions) (EU Exit) Regulations 2019,16/06/2026,STABLE_DEFINITE,5,0,0,0,0,5,yes,UK,1184633,"IMO 9328170 (""AETHER"")",exact,UK,2026-06-16,2099-12-31,yes,reg-uk-the-russia-sanctions-eu-exit-regulations-2019.json,2026-07-06
RUS3679,ship_addition,Ship,"IMO 9337418 (""ATMOS"")",The Russia (Sanctions) (EU Exit) Regulations 2019,16/06/2026,STABLE_DEFINITE,5,0,0,0,0,5,yes,UK,1184634,"IMO 9337418 (""ATMOS"")",exact,UK,2026-06-16,2099-12-31,yes,reg-uk-the-russia-sanctions-eu-exit-regulations-2019.json,2026-07-06
RUS3680,ship_addition,Ship,"IMO 9439383 (""BHILVA"")",The Russia (Sanctions) (EU Exit) Regulations 2019,16/06/2026,STABLE_DEFINITE,5,0,0,0,0,5,yes,UK,1184635,"IMO 9439383 (""BHILVA"")",exact,UK,2026-06-16,2099-12-31,yes,reg-uk-the-russia-sanctions-eu-exit-regulations-2019.json,2026-07-06
RUS3681,ship_addition,Ship,"IMO 9297541 (""DOVE"")",The Russia (Sanctions) (EU Exit) Regulations 2019,16/06/2026,STABLE_DEFINITE,5,0,0,0,0,5,yes,UK,1184636,"IMO 9297541 (""DOVE"")",exact,UK,2026-06-16,2099-12-31,yes,reg-uk-the-russia-sanctions-eu-exit-regulations-2019.json,2026-07-06
RUS3682,ship_addition,Ship,"IMO 9198082 (""GLOBAL STAR"")",The Russia (Sanctions) (EU Exit) Regulations 2019,16/06/2026,STABLE_DEFINITE,5,0,0,0,0,5,yes,UK,1184637,"IMO 9198082 (""GLOBAL STAR"")",exact,UK,2026-06-16,2099-12-31,yes,reg-uk-the-russia-sanctions-eu-exit-regulations-2019.json,2026-07-06
RUS3683,ship_addition,Ship,"IMO 9408554 (""HE BO"")",The Russia (Sanctions) (EU Exit) Regulations 2019,16/06/2026,STABLE_DEFINITE,5,0,0,0,0,5,yes,UK,1184638,"IMO 9408554 (""HE BO"")",exact,UK,2026-06-16,2099-12-31,yes,reg-uk-the-russia-sanctions-eu-exit-regulations-2019.json,2026-07-06
RUS3684,ship_addition,Ship,"IMO 9413004 (""HORAE"")",The Russia (Sanctions) (EU Exit) Regulations 2019,16/06/2026,STABLE_DEFINITE,5,0,0,0,0,5,yes,UK,1184639,"IMO 9413004 (""HORAE"")",exact,UK,2026-06-16,2099-12-31,yes,reg-uk-the-russia-sanctions-eu-exit-regulations-2019.json,2026-07-06
RUS3685,ship_addition,Ship,"IMO 9282041 (""KAVIZ"")",The Russia (Sanctions) (EU Exit) Regulations 2019,16/06/2026,STABLE_DEFINITE,5,0,0,0,0,5,yes,UK,1184640,"IMO 9282041 (""KAVIZ"")",exact,UK,2026-06-16,2099-12-31,yes,reg-uk-the-russia-sanctions-eu-exit-regulations-2019.json,2026-07-06
RUS3686,ship_addition,Ship,"IMO 9274082 (""TM HAI HA 568"")",The Russia (Sanctions) (EU Exit) Regulations 2019,16/06/2026,STABLE_DEFINITE,5,0,0,0,0,5,yes,UK,1184641,"IMO 9274082 (""TM HAI HA 568"")",exact,UK,2026-06-16,2099-12-31,yes,reg-uk-the-russia-sanctions-eu-exit-regulations-2019.json,2026-07-06
RUS3687,ship_addition,Ship,"IMO 9379301 (""VERSA"")",The Russia (Sanctions) (EU Exit) Regulations 2019,16/06/2026,STABLE_DEFINITE,5,0,0,0,0,5,yes,UK,1184642,"IMO 9379301 (""VERSA"")",exact,UK,2026-06-16,2099-12-31,yes,reg-uk-the-russia-sanctions-eu-exit-regulations-2019.json,2026-07-06
CHW0001,control_pos,,Firas Ahmed,,,STABLE_DEFINITE,5,0,0,0,0,5,yes,EU|UK,1179368,Firas Ahmed,exact,UK,2020-12-31,2099-12-31,,reg-uk-the-chemical-weapons-sanctions-eu-exit-regulations-2019.json,2026-07-06
CHW0002,control_pos,,Walid Zughaib,,,STABLE_DEFINITE,5,0,0,0,0,5,yes,EU|UK,1179369,Walid Zughaib,exact,UK,2020-12-31,2099-12-31,,reg-uk-the-chemical-weapons-sanctions-eu-exit-regulations-2019.json,2026-07-06
GHR0001,control_pos,,Dmitry Borisovich KRATOV,,,STABLE_DEFINITE,5,0,0,0,0,5,yes,UK,1179970,Dmitry Borisovich KRATOV,exact,UK,2020-07-06,2099-12-31,,reg-uk-the-global-human-rights-sanctions-regulations-2020.json,2026-07-06
GHR0002,control_pos,,Aleksey Vasilyevich ANICHIN,,,STABLE_DEFINITE,5,0,0,0,0,5,yes,UK,1179971,Aleksey Vasilyevich ANICHIN,exact,UK,2020-07-06,2099-12-31,,reg-uk-the-global-human-rights-sanctions-regulations-2020.json,2026-07-06
RUS0001,control_pos,,Dmitry Konstantinovich Kiselyov,,,STABLE_DEFINITE,5,0,0,0,0,5,yes,EU|UK,1181204,Dmitry Konstantinovich Kiselyov,exact,UK,2020-12-31,2099-12-31,,reg-uk-the-russia-sanctions-eu-exit-regulations-2019.json,2026-07-06
RUS0002,control_pos,,Andrei Aleksandrovich Klishas,,,STABLE_DEFINITE,5,0,0,0,0,5,yes,EU|UK,1181205,Andrei Aleksandrovich Klishas,exact,UK,2020-12-31,2099-12-31,,reg-uk-the-russia-sanctions-eu-exit-regulations-2019.json,2026-07-06
NEG0001,control_neg,,Jonas Petraitis Nobody Random,,,NEIGHBOUR_ONLY,0,0,5,0,0,5,,,,,,,,,,,
NEG0002,control_neg,,Zxqvwlk Brintofferson Nonexistent,,,MISS,0,0,0,5,0,5,,,,,,,,,,,
LIB0001,delisted,Entity,Libyan Arab African Investment Company,The Libya (Sanctions) (EU Exit) Regulations 2020,,STABLE_DEFINITE,5,0,0,0,0,5,yes,UK,1122430,Libyan Arab African Investment Company,exact,UK,2020-12-31,2099-12-31,,reg-uk-the-libya-sanctions-eu-exit-regulations-2020.json,2026-06-02
RUS2579,delisted,Ship,ZANGAZUR,The Russia (Sanctions) (EU Exit) Regulations 2019,,STABLE_DEFINITE,5,0,0,0,0,5,yes,UK,1183603,ZANGAZUR,exact,UK,2025-05-09,2099-12-31,,reg-uk-the-russia-sanctions-eu-exit-regulations-2019.json,2026-07-06
RUS2682,delisted,Entity,"Limited Liability Company responsibility of ""RBRU Specialized depository""",The Russia (Sanctions) (EU Exit) Regulations 2019,,STABLE_DEFINITE,5,0,0,0,0,5,yes,UK,1125259,"Limited Liability Company responsibility of ""RBRU Specialized depository""",exact,UK,2025-05-20,2099-12-31,,reg-uk-the-russia-sanctions-eu-exit-regulations-2019.json,2026-06-02
